{"cameraMode":{"drawMode":0,"name":"Shaded","section":"Shading Mode"},"sceneLighting":true,"audioPlay":false,"sceneViewState":{"m_AlwaysRefresh":true,"showFog":true,"showSkybox":true,"showFlares":true,"showImageEffects":true,"showParticleSystems":true,"showVisualEffectGraphs":true,"m_FxEnabled":true},"in2DMode":false,"pivot":{"x":11.184897422790528,"y":0.36034223437309267,"z":20.77760124206543},"rotation":{"x":0.037778086960315707,"y":0.12973234057426454,"z":-0.004948864690959454,"w":0.990821123123169},"size":15.60598087310791,"orthographic":false}